<?xml version="1.0" encoding="UTF-8"?>
<project-private xmlns="http://www.netbeans.org/ns/project-private/1">
    <editor-bookmarks xmlns="http://www.netbeans.org/ns/editor-bookmarks/2" lastBookmarkId="0"/>
    <open-files xmlns="http://www.netbeans.org/ns/projectui-open-files/2">
        <group>
            <file>file:/C:/Users/Felipe%20Romero/Documents/NetBeansProjects/Arreglos/src/ventas/arregloVenta.java</file>
            <file>file:/C:/Users/Felipe%20Romero/Documents/NetBeansProjects/Arreglos/src/puntoe/puntoe.java</file>
            <file>file:/C:/Users/Felipe%20Romero/Documents/NetBeansProjects/Arreglos/src/TiposArreglos/arreglosPrimitivos.java</file>
        </group>
    </open-files>
</project-private>
